zoneID,lat,lon,meter_num,meter_ids,meter_coords,active_meters_201501,cluster_id
31001,39.97725387,-83.00426951,1,['K174'],"[(39.97725387, -83.00426951)]",1,0
31002,39.99140647,-83.00610801333333,3,"['K300', 'K302', 'K304']","[(39.99141006, -83.00617705), (39.99140618, -83.00610911), (39.99140317, -83.00603788)]",3,2
31003,39.991264487500004,-83.005779155,4,"['K301', 'K303', 'K305', 'K307']","[(39.99126605, -83.00583082), (39.9912639, -83.0057618), (39.991264, -83.005762), (39.991264, -83.005762)]",2,5
31004,39.980142936,-83.004614674,5,"['K730', 'K732', 'K734', 'K736', 'K738']","[(39.98013524, -83.00445036), (39.98013813, -83.0045302), (39.98014367, -83.00461916), (39.98014658, -83.0046948), (39.98015106, -83.00477885)]",5,0
31005,39.98003026666667,-83.00456197,6,"['K731', 'K733', 'K735', 'K737', 'K739', 'K741']","[(39.98001979, -83.0043683), (39.98002326, -83.00443834), (39.98002829, -83.0045203), (39.98003332, -83.00460225), (39.98003676, -83.00467999), (39.98004018, -83.00476264)]",6,0
31006,39.98592884,-83.00490428,1,['K900'],"[(39.98592884, -83.00490428)]",1,2
31007,39.9859142775,-83.00452453499999,4,"['K904', 'K906', 'K908', 'K902']","[(39.98591473, -83.00453411), (39.98591125, -83.00442944), (39.98590579, -83.00432987), (39.98592534, -83.00480472)]",4,3
31008,39.9858123,-83.00483675,4,"['K951', 'K953', 'K955', 'K957']","[(39.98581897, -83.00496835), (39.98581445, -83.00488267), (39.98580771, -83.00478977), (39.98580807, -83.00470621)]",4,3
31009,39.9853138725,-83.00553803,4,"['K800', 'K802', 'K804', 'K806']","[(39.98530854, -83.00541358), (39.98531352, -83.0054954), (39.985315299999996, -83.00557859), (39.98531813, -83.00566455)]",4,3
31010,39.97376662106383,-83.00692000617023,47,"['K10', 'K2', 'K4', 'K6', 'K8', 'K18', 'K20', 'K22', 'K24', 'K26', 'K28', 'K30', 'K32', 'K34', 'K36', 'K38', 'K40', 'K42', 'K44', 'K46', 'K48', 'K50', 'K52', 'K54', 'K56', 'K58', 'K60', 'K62', 'K64', 'K66', 'K68', 'K70', 'K72', 'K74', 'K76', 'K100', 'K78', 'K80', 'K82', 'K84', 'K86', 'K88', 'K90', 'K92', 'K94', 'K96', 'K98']","[(39.97368747, -83.00519305), (39.97367337, -83.00487891), (39.97367738, -83.0049511), (39.97368147, -83.00503012), (39.97368748, -83.00510793), (39.97370353, -83.00548637), (39.97370748, -83.00555684), (39.97371038, -83.0056462), (39.97371241, -83.00571822), (39.97371739, -83.0058093), (39.97371839, -83.00587232), (39.97372229, -83.00596046), (39.97372539999999, -83.00604241), (39.97373338, -83.00612999), (39.97373838, -83.00620088), (39.97373831, -83.00629019), (39.97374234, -83.00636807), (39.97374634, -83.00645159), (39.97374735, -83.00652420000002), (39.97375246, -83.00661256), (39.97375329, -83.00668727), (39.97376135, -83.00678198), (39.97376335, -83.00684997), (39.97376939, -83.00694708), (39.97377138, -83.00702104), (39.97377599, -83.00710476), (39.97378099, -83.00718876), (39.97378607, -83.00727373), (39.97378541, -83.00734046), (39.97378895, -83.00742918), (39.97379136, -83.00750548), (39.97379801, -83.00759520000001), (39.97380101, -83.00766718), (39.97380501, -83.00776217), (39.9738071, -83.00783027), (39.97385045, -83.00881405), (39.97381042, -83.00793023), (39.973814399999995, -83.00799703), (39.97381908, -83.00808753), (39.97382006, -83.00815836), (39.97382506, -83.00824037), (39.97383007, -83.00832738), (39.97383307, -83.00840838), (39.97383544, -83.008488), (39.9738411, -83.00858244), (39.97384369, -83.00865365), (39.97384669, -83.00873763)]",47,5
31011,39.97359364169014,-83.00618080985916,71,"['K1', 'K11', 'K13', 'K15', 'K17', 'K19', 'K21', 'K23', 'K25', 'K27', 'K29', 'K3', 'K31', 'K33', 'K35', 'K37', 'K5', 'K7', 'K9', 'K41', 'K43', 'K45', 'K47', 'K49', 'K51', 'K53', 'K55', 'K57', 'K59', 'K61', 'K63', 'K65', 'K67', 'K69', 'K71', 'K73', 'K75', 'K77', 'K79', 'K81', 'K101', 'K103', 'K105', 'K107', 'K109', 'K111', 'K113', 'K115', 'K117', 'K119', 'K121', 'K123', 'K125', 'K127', 'K129', 'K131', 'K133', 'K135', 'K137', 'K139', 'K141', 'K39', 'K83', 'K85', 'K87', 'K89', 'K91', 'K93', 'K95', 'K97', 'K99']","[(39.97353857, -83.00491471), (39.97354332, -83.00506798), (39.97354899, -83.00513608), (39.97354763, -83.00514228), (39.97355211, -83.00521136), (39.97354999, -83.00521712), (39.97355473, -83.00527984), (39.97355305, -83.00528458), (39.97355820000001, -83.00535626), (39.97355697, -83.00536128), (39.97356191, -83.00542977), (39.97353641, -83.00492112), (39.97356087, -83.00543485), (39.97356486, -83.00550471), (39.97356437, -83.00550892), (39.97356797, -83.00555724), (39.9735423, -83.00498875), (39.97354127, -83.00499546), (39.97354442, -83.00506024), (39.9735687, -83.00562223), (39.9735737, -83.00568381), (39.97357205, -83.00569255), (39.97357657, -83.00575562), (39.97357395, -83.00576376), (39.97357863, -83.00582973), (39.97357763, -83.00583777), (39.97358263, -83.00590272), (39.97358097, -83.00591072), (39.97358561, -83.00597589), (39.97358461, -83.00598387), (39.97358995, -83.00604944), (39.97358894, -83.00605742), (39.97359228, -83.00612154), (39.97359097, -83.00613055), (39.97359547, -83.00619409), (39.97359414, -83.00620372), (39.97359938, -83.00626871), (39.97359809, -83.00627703), (39.9736, -83.00633909999999), (39.973599, -83.00634872), (39.97361643, -83.00671414), (39.97362172, -83.0067787), (39.97362072, -83.00678772), (39.9736243, -83.00685290000001), (39.97362266, -83.00686165), (39.97362829, -83.00692659), (39.97362662, -83.00693566), (39.973630299999996, -83.00700019), (39.97362896, -83.00700968), (39.97363392, -83.0070737), (39.97363195, -83.00708288), (39.97363784, -83.00714657), (39.97363616, -83.00715490000002), (39.97363964, -83.00722037), (39.97363759, -83.00722715), (39.97364227, -83.00729489), (39.97364009, -83.00730018), (39.97364627, -83.00736493), (39.97364396, -83.00737147), (39.97364694, -83.00743528), (39.97364454, -83.00744218), (39.97357102, -83.00561161), (39.97360456, -83.00641332), (39.97360354, -83.00642258), (39.97360793, -83.00648687), (39.97360695, -83.00649583), (39.97360939, -83.0065575), (39.973608399999996, -83.00656756), (39.97361433, -83.00663183), (39.97361202, -83.00664176), (39.97361804, -83.00670537)]",71,5
31012,39.986136125087725,-83.00590342385966,57,"['F46', 'F47', 'F48', 'F49', 'F50', 'F51', 'F52', 'F53', 'F54', 'F55', 'F56', 'F57', 'F58', 'F59', 'F3', 'F4', 'F5', 'F6', 'F10', 'F11', 'F12', 'F13', 'F14', 'F15', 'F16', 'F17', 'F18', 'F7', 'F8', 'F9', 'F19', 'F20', 'F21', 'F22', 'F23', 'F24', 'F25', 'F26', 'F27', 'F28', 'F29', 'F30', 'F31', 'F32', 'F33', 'F34', 'F35', 'F36', 'F37', 'F38', 'F39', 'F40', 'F41', 'F42', 'F43', 'F44', 'F45']","[(39.98588269, -83.0062321), (39.98590583, -83.00622996), (39.98592987, -83.00622666), (39.98595302, -83.00622336), (39.98597883, -83.00622355), (39.98600554, -83.00622028), (39.98603046, -83.0062193), (39.98605449, -83.00621716), (39.98608031, -83.00621504), (39.98610345, -83.00621405), (39.98612925, -83.00621308), (39.98615419, -83.00620979), (39.98618176, -83.00621115), (39.98620669, -83.00620902), (39.98607084, -83.00551974), (39.98609665, -83.00551877), (39.98612157, -83.00551779), (39.98614738, -83.00551682), (39.98610899, -83.00575369), (39.9861339, -83.00575387), (39.98615705, -83.00575172), (39.98602968, -83.00576617), (39.9860576, -83.00576513), (39.98608402, -83.00576623), (39.98610983, -83.00576526), (39.98613474, -83.00576544), (39.986157, -83.00576329), (39.98602889, -83.00575657), (39.98605738, -83.00575447), (39.98608318, -83.0057535), (39.986042100000006, -83.00599612), (39.98606524, -83.00599398), (39.98609194, -83.00599302), (39.98611775, -83.00599205), (39.98613912, -83.00598873), (39.98616405, -83.00598659999999), (39.98604204, -83.00601001), (39.98606519, -83.0060067), (39.98609155, -83.00600382), (39.98611774, -83.00600255), (39.98613999, -83.00600015), (39.98616366, -83.00599666), (39.98628259, -83.00552822), (39.98628334, -83.00555946), (39.98628322, -83.00558953), (39.98628575, -83.00562194), (39.98628737, -83.00565781), (39.98628903, -83.00568675), (39.98628977, -83.0057203), (39.98628964, -83.00575038), (39.98629128, -83.00578393), (39.98628935, -83.00581862), (39.98629191, -83.00584409), (39.98629264, -83.00587996), (39.9862934, -83.00591120000001), (39.98629682, -83.00594361), (39.98629757, -83.00597601)]",57,5
31014,39.97710749833333,-83.003415855,6,"['K566', 'K568', 'K570', 'K572', 'K574', 'K576']","[(39.978386, -83.003668), (39.978386, -83.003668), (39.97638439, -83.00327209999999), (39.976433899999996, -83.00328305), (39.97649885, -83.00329299), (39.97655585, -83.00331099)]",4,0
31015,39.976653354999996,-83.00332899,2,"['K578', 'K580']","[(39.97662185, -83.00332299), (39.97668486, -83.00333499)]",2,8
31016,39.97777813555555,-83.00377565111111,9,"['K603', 'K605', 'K607', 'K609', 'K611', 'K619', 'K621', 'K629', 'K631']","[(39.97740402, -83.00369239), (39.9774544, -83.00370433), (39.97751444, -83.00371434), (39.97761157, -83.00373166), (39.97764564, -83.00374537), (39.97790713, -83.0038105), (39.97796595, -83.00382333), (39.97822757, -83.00387148), (39.978272499999996, -83.00388746)]",9,7
31017,39.989605061249996,-83.00609799875001,8,"['K1101', 'K1103', 'K1105', 'K1107', 'K1109', 'K1111', 'K1113', 'K1115']","[(39.98928158, -83.00603352), (39.98934111, -83.0060457), (39.98940285, -83.00605918), (39.98952969, -83.00608182), (39.98968823, -83.00611337), (39.98976165, -83.00612911), (39.98988015, -83.00615169), (39.98995523, -83.00616959999999)]",8,5
31018,39.991812247999995,-83.00631323200001,10,"['K1702', 'K1704', 'K1706', 'K1708', 'K1710', 'K1712', 'K1714', 'K1716', 'K1718', 'K1700']","[(39.99154914, -83.00626407), (39.99161462, -83.00627616), (39.9916801, -83.00628826), (39.99174556, -83.00630422), (39.9918825, -83.00632459), (39.99194202, -83.00633664), (39.9920075, -83.00634873), (39.99207298, -83.00636083), (39.99213844, -83.0063768), (39.99148962, -83.00625202)]",0,
31019,39.98657302923077,-83.00528376538462,13,"['K920', 'K922', 'K930', 'K932', 'K934', 'K936', 'K938', 'K940', 'K942', 'K944', 'K946', 'K948', 'K950']","[(39.98605882, -83.00516349), (39.98610882, -83.00517649), (39.98635763, -83.00524606), (39.98642061, -83.00525932), (39.98648161, -83.00527032), (39.98654363, -83.00528306), (39.98660664, -83.00528993), (39.98666954, -83.0053046), (39.98673027, -83.00531576), (39.98679056, -83.00532865), (39.98684082, -83.00533939), (39.98689647, -83.00535257), (39.98694396, -83.00535931)]",13,0
31020,39.98590668076924,-83.0053983430769,13,"['K901', 'K903', 'K905', 'K907', 'K909', 'K911', 'K913', 'K915', 'K919', 'K931', 'K933', 'K935', 'K937']","[(39.98545036, -83.00531190000001), (39.98550776, -83.00531755), (39.98557522, -83.0053259), (39.98563158, -83.00533679), (39.98568693, -83.00535029), (39.98573224, -83.00535586), (39.9858044, -83.00538074), (39.98586279, -83.00539222), (39.98599608, -83.00541847), (39.9862969, -83.0054809), (39.986354999999996, -83.00549182), (39.98641427, -83.00550248), (39.98647332, -83.00551354)]",13,3
31021,39.988082993333336,-83.00561295444446,9,"['K1000', 'K1002', 'K1004', 'K1006', 'K1008', 'K1010', 'K1012', 'K1014', 'K1016']","[(39.98768345, -83.005533), (39.98774351, -83.00554481), (39.98780044, -83.00555836), (39.9878586, -83.00557034), (39.98791715, -83.00558233), (39.98834899, -83.00566664), (39.98840833, -83.00567692), (39.98846615, -83.00568734), (39.98852032, -83.00569685)]",9,3
31022,39.987631468000004,-83.00570850199999,10,"['K1001', 'K1003', 'K1005', 'K1007', 'K1009', 'K1011', 'K1013', 'K1015', 'K1017', 'K1019']","[(39.98734983, -83.00565062), (39.98741108, -83.00566417), (39.98747398, -83.00567668), (39.98753542, -83.00568919), (39.98759833, -83.0057017), (39.9876641, -83.00571519), (39.987727, -83.00572849), (39.98778954, -83.00574084), (39.98785171, -83.00575319), (39.98791369, -83.00576495)]",10,3
31023,39.980211534285715,-83.00428322285714,7,"['K701', 'K703', 'K705', 'K707', 'K709', 'K711', 'K713']","[(39.98022327, -83.00428107), (39.98027047, -83.00429249), (39.980222999999995, -83.004281), (39.980157, -83.004223), (39.980153, -83.00430899999999), (39.980202, -83.004287), (39.980252, -83.00430899999999)]",2,7
31024,39.98158442190477,-83.00429140714284,21,"['K690', 'K692', 'K694', 'K696', 'K682', 'K684', 'K686', 'K688', 'K698', 'K700', 'K702', 'K704', 'K706', 'K708', 'K710', 'K712', 'K716', 'K718', 'K720', 'K722', 'K724']","[(39.98114362, -83.00420242), (39.98120553, -83.00421526), (39.98126983, -83.00422502), (39.98132934, -83.00423785), (39.98094184, -83.00416368), (39.98097903, -83.00417319), (39.98102939, -83.00418026), (39.980086, -83.00401629999999), (39.98034955, -83.00406463), (39.9815946, -83.00430216), (39.98165986, -83.00431281), (39.98178519, -83.00433842), (39.98193316, -83.00435798), (39.98199512, -83.00436973), (39.98205184, -83.0043791), (39.98211516, -83.00439138), (39.98223413, -83.00441452), (39.98230017, -83.00442862), (39.98236483, -83.00443762), (39.98242284, -83.00444998), (39.98248183, -83.00445862)]",17,0
31025,39.984505963636366,-83.00511978727272,11,"['K851', 'K853', 'K855', 'K857', 'K859', 'K861', 'K863', 'K865', 'K867', 'K869', 'K871']","[(39.984131700000006, -83.00504284), (39.98418722, -83.00506011), (39.98435519, -83.00509095), (39.98440958, -83.00510117), (39.98447302, -83.00511342), (39.98452741, -83.00512365), (39.98458179, -83.00513583), (39.98464071, -83.00514412), (39.9846966, -83.00515632), (39.98475551, -83.00516854), (39.98480687, -83.00518071)]",11,1
31026,39.974160315,-83.00305080999999,2,"['K493', 'K495']","[(39.97413316, -83.00304634), (39.97418747, -83.00305528)]",2,8
31027,39.97426308,-83.003073075,2,"['K497', 'K499']","[(39.97423848, -83.00306829), (39.97428768, -83.00307786)]",2,0
31028,39.974804171,-83.002973121,10,"['K486', 'K488', 'K490', 'K492', 'K494', 'K496', 'K512', 'K514', 'K516', 'K518']","[(39.97428596, -83.00286805), (39.97434787, -83.00288171), (39.9744085, -83.0028943), (39.97447089, -83.00290722), (39.97453541, -83.00291767), (39.97459909, -83.00293423), (39.97525701, -83.00306474), (39.97531834, -83.00307591), (39.97537861, -83.00308788), (39.97544003, -83.0030995)]",10,7
31029,39.974939434999996,-83.00299582,2,"['K500', 'K502']","[(39.97491087, -83.00298964), (39.974968, -83.003002)]",2,7
31030,39.979285250000004,-83.00410182166668,12,"['K645', 'K647', 'K649', 'K651', 'K653', 'K655', 'K657', 'K659', 'K661', 'K663', 'K665', 'K667']","[(39.97885597, -83.00401523), (39.97889994, -83.00402508), (39.97910642, -83.00406806), (39.97915617, -83.00407603), (39.97921744, -83.00409041), (39.97927541, -83.00409953), (39.97933836, -83.00411306), (39.97939593, -83.00412038), (39.97945847, -83.00413743), (39.97951302, -83.00414566), (39.97957398, -83.00416051), (39.97963189, -83.00417048)]",12,0
31031,39.979202641818176,-83.00382113454545,11,"['K650', 'K652', 'K658', 'K660', 'K662', 'K664', 'K666', 'K668', 'K670', 'K672', 'K674']","[(39.97810498, -83.00352935), (39.97816998, -83.00353735), (39.97921316, -83.00384169), (39.979266700000004, -83.00384941), (39.97933148, -83.00386454), (39.97938783, -83.00387594), (39.97943974, -83.00388546), (39.97948861, -83.00389489), (39.97954586, -83.00390695), (39.97960886, -83.00391795), (39.97967186, -83.00392895)]",10,0
31032,39.9782633625,-83.0036208775,8,"['K600', 'K602', 'K604', 'K606', 'K608', 'K610', 'K654', 'K656']","[(39.97810082, -83.00361109), (39.97816582, -83.00361909), (39.97822782, -83.00363109), (39.97830226, -83.00365117), (39.97838578, -83.00366781), (39.978386, -83.003668), (39.97823198, -83.00354935), (39.97830642, -83.00356942)]",2,7
31033,39.97855421,-83.00371866,1,['K620'],"[(39.97855421, -83.00371866)]",0,
31034,39.9764657275,-83.00351271625,8,"['K559', 'K561', 'K563', 'K565', 'K567', 'K569', 'K571', 'K573']","[(39.976317, -83.00348100000001), (39.976554, -83.003527), (39.976554, -83.003527), (39.976554, -83.003527), (39.976554, -83.003527), (39.97634823, -83.00349494), (39.97639587, -83.0035037), (39.97644872, -83.00351409)]",3,0
31035,39.977524425,-83.00371826,2,"['K601', 'K613']","[(39.97733331, -83.00368031), (39.97771554, -83.00375621)]",2,7
31037,39.97486576666667,-83.00319663,3,"['K503', 'K505', 'K531']","[(39.97471969, -83.00316603), (39.97478533, -83.00317971), (39.97509228, -83.00324415)]",3,6
31038,39.97596641,-83.00318942,2,"['K548', 'K550']","[(39.97593391, -83.00318442), (39.97599891, -83.00319442)]",2,0
31039,39.97592197333333,-83.00340493666666,9,"['K539', 'K541', 'K543', 'K545', 'K547', 'K549', 'K551', 'K553', 'K555']","[(39.97568098, -83.00335281), (39.97573278, -83.00336495), (39.97580283, -83.00338083), (39.97586204, -83.00339064), (39.97592308, -83.00340703), (39.97598704, -83.00341602), (39.97605099, -83.00343301), (39.97610547, -83.00344423), (39.97615255, -83.00345491)]",9,0
31040,39.98133084444444,-83.00449815777777,9,"['K749', 'K751', 'K753', 'K755', 'K757', 'K759', 'K761', 'K763', 'K765']","[(39.98109519, -83.00445546), (39.981148100000006, -83.00446443), (39.98120886, -83.00447756), (39.98127025, -83.00448825), (39.98133007, -83.00449892), (39.981389899999996, -83.00450878), (39.98145098, -83.00451905), (39.98151206, -83.00452933), (39.98157219, -83.00454164)]",9,0
31041,39.982548465,-83.00474614666666,6,"['K773', 'K775', 'K791', 'K793', 'K795', 'K797']","[(39.98209644, -83.0046486), (39.98228668, -83.00468134), (39.98264448, -83.00476802), (39.98270017, -83.00477987), (39.98275586, -83.00479362), (39.98280716, -83.00480543)]",6,3
31042,39.98342466333334,-83.00468407499999,6,"['K750', 'K752', 'K754', 'K756', 'K758', 'K760']","[(39.98303508, -83.00460165), (39.9830805, -83.00461148), (39.98354109, -83.00471044), (39.983582, -83.00471774), (39.98362721, -83.00472647), (39.9836821, -83.00473667)]",4,3
31043,39.98348671666667,-83.00493256,3,"['K801', 'K803', 'K809']","[(39.98340044, -83.00491487), (39.9834522, -83.00492602), (39.98360751, -83.00495679)]",3,3
31044,39.98484305272727,-83.00493328363636,11,"['K820', 'K822', 'K824', 'K826', 'K828', 'K830', 'K832', 'K834', 'K836', 'K838', 'K840']","[(39.98410673, -83.00477858), (39.98418308, -83.00479592), (39.98425297, -83.00481181), (39.98432069, -83.00483608), (39.98447128, -83.00486378), (39.98476601, -83.00492328), (39.98484239, -83.00493365), (39.98544691, -83.00505140000001), (39.98554976, -83.00507886), (39.98563195, -83.00508355), (39.98570181, -83.00510921)]",11,3
31045,39.978760720000004,-83.0044432175,4,"['K312', 'K314', 'K316', 'K318']","[(39.97877262, -83.00434053), (39.97876364, -83.00441827), (39.97875674, -83.00447229), (39.97874988, -83.00454178)]",4,0
31046,39.97867533,-83.00433641500001,2,"['K235', 'K237']","[(39.97867975, -83.00429938), (39.97867091, -83.00437345)]",2,0
31047,39.9786599,-83.00445848,1,['K239'],"[(39.9786599, -83.00445848)]",1,0
31048,39.979071614999995,-83.003525715,4,"['K250', 'K252', 'K254', 'K256']","[(39.97905965, -83.00363402), (39.97906817, -83.00356013), (39.97907613, -83.00348743), (39.97908251, -83.00342128)]",4,0
31049,39.976947376,-83.003059542,5,"['K120', 'K122', 'K124', 'K126', 'K128']","[(39.97692962, -83.00322102), (39.97693822, -83.00314033), (39.97694682, -83.00306117), (39.97695621, -83.00297947), (39.97696601, -83.00289572)]",4,0
31050,39.976858013333334,-83.00300024166667,6,"['K179', 'K181', 'K183', 'K185', 'K187', 'K189']","[(39.9768357, -83.00320001), (39.97684472, -83.00312177), (39.97685332, -83.00304108), (39.97686192, -83.00296192), (39.97687131, -83.00288021), (39.97688111, -83.00279646)]",6,0
31051,39.992930457499995,-83.00711392,4,"['UW1', 'UW3', 'UW5', 'UW7']","[(39.99292545, -83.00699717), (39.99292845, -83.00707447), (39.99293145, -83.00715684), (39.99293648, -83.0072272)]",4,5
31052,39.974875722499995,-83.00479207833335,12,"['K321', 'K323', 'K325', 'K327', 'K329', 'K331', 'K333', 'K335', 'K337', 'K339', 'K341', 'K343']","[(39.97449993, -83.00472028), (39.97455189, -83.00472921), (39.974614200000005, -83.00473748), (39.97473476, -83.00476463), (39.97479862, -83.00477788), (39.97485862, -83.00479088), (39.97492562, -83.00480488), (39.97498085, -83.00481102), (39.97504559, -83.00482749), (39.97510159, -83.0048375), (39.97516654, -83.00484851), (39.97523046, -83.00485518)]",12,3
31053,39.976386545813945,-83.00488489418605,43,"['K370', 'K372', 'K374', 'K376', 'K378', 'K380', 'K382', 'K384', 'K386', 'K388', 'K390', 'K392', 'K394', 'K396', 'K398', 'K400', 'K402', 'K404', 'K406', 'K408', 'K410', 'K412', 'K414', 'K416', 'K418', 'K420', 'K422', 'K424', 'K426', 'K428', 'K430', 'K432', 'K434', 'K436', 'K438', 'K440', 'K442', 'K444', 'K446', 'K448', 'K450', 'K452', 'K454']","[(39.97552903, -83.00471601), (39.97555479, -83.00471787), (39.97557923, -83.00472475), (39.97560884, -83.00472999), (39.97565388, -83.00474036), (39.97569251, -83.00474567), (39.97581608, -83.00476833), (39.97584179, -83.00478024), (39.97587141, -83.0047838), (39.97589586, -83.004789), (39.97592546, -83.00479592), (39.97595506, -83.00480283), (39.97598339, -83.00480471), (39.97601042, -83.00480993), (39.97626014, -83.00485695), (39.97628845, -83.00486386), (39.97631546, -83.0048741), (39.9763412, -83.00487931), (39.97636953, -83.00488119), (39.97639913, -83.00488978), (39.97642744, -83.00489501), (39.97645448, -83.00489855), (39.97648408, -83.00490547), (39.97650723, -83.00491401), (39.97656648, -83.00491779), (39.97659479, -83.00492469), (39.97662437, -83.00493495), (39.97665397, -83.00494187), (39.97668103, -83.00494039), (39.97671063, -83.0049473), (39.97673895, -83.00495253), (39.9767659, -83.00495199), (39.9767924, -83.00496579), (39.97685619, -83.00497514), (39.976881899999995, -83.00498245), (39.97690819, -83.00498746), (39.97693414, -83.00499070000001), (39.97696502, -83.00500159), (39.97698606, -83.00500456), (39.97701181, -83.00500809999998), (39.97703497, -83.00501664), (39.97706073, -83.00501682), (39.97708905, -83.00502205)]",43,4
31054,39.97624166759999,-83.005060028,25,"['K373', 'K375', 'K377', 'K379', 'K381', 'K383', 'K385', 'K387', 'K389', 'K391', 'K393', 'K395', 'K397', 'K399', 'K401', 'K403', 'K405', 'K407', 'K409', 'K411', 'K413', 'K415', 'K417', 'K419', 'K421']","[(39.97549811, -83.00491831), (39.97555578, -83.00493279), (39.9756186, -83.00494237), (39.97568066, -83.00495404), (39.97573862, -83.00496302), (39.9757935, -83.00497367), (39.97585591, -83.00498103), (39.97593287, -83.00499624), (39.97598787, -83.00500924), (39.97605387, -83.00502724), (39.97611387, -83.00503624), (39.97618513, -83.00505396), (39.97624893, -83.00505988), (39.97630893, -83.00507488), (39.97637, -83.005082), (39.976431, -83.005094), (39.976512, -83.005103), (39.97656, -83.005116), (39.9766141, -83.00513662), (39.97667678, -83.00514775), (39.976733, -83.00515899999999), (39.976797, -83.00516800000001), (39.976865000000004, -83.005177), (39.97692116, -83.00519542), (39.976989, -83.005199)]",25,3
31055,39.975087382000005,-83.00465452,5,"['K330', 'K332', 'K334', 'K336', 'K338']","[(39.97496825, -83.00462888), (39.97501912, -83.00463905), (39.97509327, -83.0046562), (39.97515115, -83.00467074), (39.97520512, -83.00467773)]",5,0
31056,39.9746527975,-83.0045693375,4,"['K320', 'K322', 'K324', 'K326']","[(39.974560499999995, -83.00454737), (39.97462154, -83.00456221), (39.97468391, -83.00457765), (39.97474524, -83.00459012)]",4,0
31058,39.979618242,-83.003274172,5,"['K1401', 'K1403', 'K1405', 'K1407', 'K1409']","[(39.97950382, -83.0032525), (39.97955768, -83.00326165), (39.97961691, -83.00327226), (39.9796735, -83.00328546), (39.9797393, -83.00329899)]",5,3
31059,39.978691385000005,-83.00418365499999,2,"['K231', 'K233']","[(39.97869672, -83.00414078), (39.97868605, -83.00422653)]",2,8
31060,39.97710437,-83.002765455,2,"['K1201', 'K1203']","[(39.97706613, -83.00275497), (39.97714261, -83.00277594)]",2,3
31061,39.976203093749994,-83.00258764125,8,"['K1151', 'K1153', 'K1155', 'K1157', 'K1159', 'K1161', 'K1163', 'K1165']","[(39.97578762, -83.00250479), (39.97590417, -83.00252809), (39.97596784, -83.00253979), (39.97608763, -83.00256452), (39.97614806, -83.00257619), (39.97644482, -83.00263589), (39.9765182, -83.00265187), (39.97676641, -83.00269999)]",8,7
31062,39.978259535,-83.00299167,2,"['K1351', 'K1353']","[(39.97820189, -83.00298011), (39.97831718, -83.00300323)]",2,3
31063,39.974493012500005,-83.0040437725,8,"['K150', 'K152', 'K154', 'K156', 'K158', 'K160', 'K162', 'K164']","[(39.97455717, -83.00348231), (39.97451279, -83.00388232), (39.97450307, -83.00396596), (39.97449107, -83.00404296), (39.97448713, -83.00411695), (39.97447607, -83.00420396), (39.97446613, -83.00428599), (39.97445067, -83.00436973)]",8,0
31064,39.974408505,-83.00394164875,8,"['K153', 'K155', 'K157', 'K159', 'K161', 'K163', 'K165', 'K167']","[(39.97446008, -83.00349174), (39.97444701, -83.00361282), (39.97443397, -83.00372574), (39.97441817, -83.00385729), (39.97438891, -83.00409222), (39.97438064, -83.00417542), (39.97437267, -83.00425109), (39.97436659, -83.00432687)]",8,0
31066,39.980697,-83.004589,2,"['K895', 'K897']","[(39.980697, -83.004589), (39.980697, -83.004589)]",0,
31067,39.975662586000006,-83.00277205799999,5,"['K106', 'K108', 'K110', 'K112', 'K114']","[(39.97564585, -83.002911), (39.97565384, -83.00284497), (39.97566174, -83.00277509), (39.97567176, -83.00270514), (39.97567974, -83.00262409)]",5,0
31068,39.97557182,-83.00281307999998,4,"['K169', 'K171', 'K173', 'K175']","[(39.97555332, -83.00293036), (39.97556802, -83.0028574), (39.97557899, -83.00277163), (39.97558695, -83.00269293)]",4,7
31069,39.97549704307691,-83.00405099000001,13,"['K200', 'K202', 'K204', 'K206', 'K208', 'K210', 'K216', 'K218', 'K220', 'K222', 'K224', 'K226', 'K228']","[(39.97556184, -83.00349589), (39.97555184, -83.00356991), (39.97554285, -83.00364783), (39.97553187, -83.00373071), (39.97552925, -83.00380058), (39.97551947, -83.00386558), (39.97548799, -83.0041305), (39.97547933, -83.00420984), (39.97546832, -83.00428008), (39.97545932, -83.00436506), (39.97545108, -83.00443856), (39.97544237, -83.00452407), (39.97543603, -83.00460426)]",13,0
31070,39.982583035000005,-83.0041665725,4,"['K291', 'K293', 'K295', 'K297']","[(39.98258634, -83.00426857), (39.98258351, -83.00421012), (39.9825825, -83.00413735), (39.98257979, -83.00405025)]",4,0
31071,39.9829867,-83.00527895500001,4,"['K240', 'K242', 'K244', 'K246']","[(39.98298288, -83.00518859), (39.98298518, -83.00525327), (39.98298753, -83.00530871), (39.98299121, -83.00536525)]",4,3
31072,39.98406544428571,-83.00558710285715,7,"['K260', 'K262', 'K264', 'K266', 'K268', 'K270', 'K272']","[(39.98405832, -83.00538471), (39.98405973, -83.00545638), (39.98406376, -83.00552135), (39.98406517, -83.00559302), (39.98406749, -83.00565574), (39.98407065, -83.00572070000001), (39.98407299, -83.00577782)]",7,1
31073,39.97802744,-83.00314492,2,"['K134', 'K136']","[(39.97802347, -83.00318107), (39.97803141, -83.00310877)]",2,0
31074,39.977915913333334,-83.00326657666666,3,"['K193', 'K195', 'K197']","[(39.97790837, -83.00334206), (39.97791607, -83.00326597), (39.97792329999999, -83.0031917)]",3,0
31075,39.992324964,-83.00607308,5,"['UE02', 'UE04', 'UE06', 'UE08', 'UE10']","[(39.992331, -83.006237), (39.992328, -83.006155), (39.992325, -83.006066), (39.992321000000004, -83.005993), (39.99231982, -83.00591440000001)]",5,4
31076,39.977248450000005,-83.00414184499999,2,"['K170', 'K172']","[(39.97724654, -83.00409877), (39.97725036, -83.00418492)]",2,0
31077,39.98603523,-83.005524105,2,"['F1', 'F2']","[(39.98602188, -83.00552401), (39.98604858, -83.00552420000001)]",2,5
31078,39.97466433,-83.00315402,1,['K501'],"[(39.97466433, -83.00315402)]",1,7
31079,39.978010100000006,-83.003294665,2,"['K130', 'K132']","[(39.97800646, -83.00333197), (39.97801374, -83.00325736)]",2,0
31080,39.974452265,-83.003577295,2,"['K149', 'K151']","[(39.974418, -83.003857), (39.97448653, -83.00329759)]",1,7
31081,39.9747575,-83.00295179999999,1,['K498'],"[(39.9747575, -83.00295179999999)]",1,7
31082,39.99263016142858,-83.00649170999999,7,"['UE50', 'UE52', 'UE54', 'UE56', 'UE58', 'UE60', 'UE62']","[(39.99246716, -83.00646184), (39.9925224, -83.00647216), (39.99257764, -83.00648247), (39.99263288, -83.00649279), (39.99268241, -83.00650059), (39.99273765, -83.00651091), (39.99279099, -83.00652121)]",0,
31083,39.9750775072,-83.00202296320002,25,"['P1', 'P10', 'P11', 'P12', 'P13', 'P14', 'P15', 'P16', 'P17', 'P18', 'P19', 'P2', 'P20', 'P21', 'P22', 'P23', 'P24', 'P25', 'P3', 'P4', 'P5', 'P6', 'P7', 'P8', 'P9']","[(39.97523122, -83.00207377), (39.97499419, -83.0020832), (39.97499662, -83.00207267), (39.97500799, -83.0020433), (39.97501089, -83.00203341), (39.97502437, -83.00200253), (39.97502822, -83.00199265), (39.97503787, -83.0019667), (39.97504172, -83.00195682), (39.97505424, -83.00192594), (39.9750581, -83.00191605), (39.97523036, -83.00208407), (39.97506966, -83.00188764), (39.97507351, -83.00187776), (39.97508699, -83.00184688), (39.97509085, -83.001837), (39.97510526, -83.00180984), (39.97510912, -83.00179872), (39.97522362, -83.00212626), (39.97513201, -83.0022349), (39.97512273, -83.00223188), (39.97509074, -83.00222199), (39.97508394, -83.00221974), (39.97505194, -83.00220912), (39.97498152, -83.00212124)]",11,3
31084,39.981792854000005,-83.004952696,5,"['K781', 'K783', 'K782', 'K784', 'K780']","[(39.98172844, -83.00485755), (39.98173383, -83.00509793), (39.98183, -83.004873), (39.981844, -83.005134), (39.981828, -83.004801)]",5,0
31085,39.97662634,-83.003548795,4,"['K575', 'K577', 'K579', 'K581']","[(39.97650076, -83.0035218), (39.97655438, -83.00353252), (39.97661062, -83.00354368), (39.9768396, -83.00359718)]",4,0
31086,39.983528815,-83.00494274,2,"['K805', 'K807']","[(39.98350397, -83.00493717), (39.98355366, -83.00494831)]",2,3
31087,39.98070219,-83.004691065,2,"['K891', 'K893']","[(39.98069718, -83.00458902), (39.980707200000005, -83.00479311)]",2,7
